{
  "timestamp": 1481597898034,
  "score": [
    100,
    10,
    4.074775422206252,
    4.536327703916637,
    5.19504132231405,
    3.8861300754581385,
    2.465325188645347,
    4.494502335609055,
    4.143226733740568,
    2.8196191160618036,
    4.1216313330937835,
    4.976607977003234,
    4.227164929931728,
    100,
    4.976607977003234,
    5.408120733021919,
    5.12601509162774,
    2.467373338124326,
    4.6570247933884295,
    4.5297879985627025,
    3.3625583902263743,
    100,
    4.983219547251168,
    3.540711462450593,
    100,
    5.391304347826087,
    0.2666187567373338,
    4.386489399928135,
    5.45795903701042,
    100,
    5.1051742723679485,
    100,
    5.459755659360402,
    100,
    6.1262306863097375,
    100,
    100,
    4.534746676248653,
    4.976607977003234,
    2.6293568091987063,
    4.976607977003234,
    4.976607977003234,
    4.976607977003234,
    7.276715774344233,
    100,
    5.335644987423644,
    100,
    5.335644987423644,
    5.089076536112109,
    4.223895077254761,
    100,
    100,
    100,
    100,
    4.79399928135106,
    4.976607977003234,
    4.793100970176069,
    100,
    4.793100970176069,
    3.598167445203018,
    100,
    4.976607977003234,
    100,
    2.4637441609773627,
    3.829680201221703,
    5.875350341358247,
    100,
    100,
    4.976607977003234,
    5.355228171038448,
    4.793100970176069,
    4.640603665109594,
    4.976607977003234,
    100,
    100,
    5.1051742723679485,
    4.994753862738053,
    100,
    100,
    100,
    100
  ]
}